iso_code,country,reason,hover
AFG,Afghanistan,No matching deaths-per-million record in dataset,<b>Afghanistan</b><br>ISO3: AFG<br>Status: Missing from deaths-per-million map<br>Reason: No matching deaths-per-million record in dataset
ASM,American Samoa,No matching deaths-per-million record in dataset,<b>American Samoa</b><br>ISO3: ASM<br>Status: Missing from deaths-per-million map<br>Reason: No matching deaths-per-million record in dataset
AND,Andorra,No matching deaths-per-million record in dataset,<b>Andorra</b><br>ISO3: AND<br>Status: Missing from deaths-per-million map<br>Reason: No matching deaths-per-million record in dataset
AGO,Angola,No matching deaths-per-million record in dataset,<b>Angola</b><br>ISO3: AGO<br>Status: Missing from deaths-per-million map<br>Reason: No matching deaths-per-million record in dataset
AIA,Anguilla,No matching deaths-per-million record in dataset,<b>Anguilla</b><br>ISO3: AIA<br>Status: Missing from deaths-per-million map<br>Reason: No matching deaths-per-million record in dataset
ATA,Antarctica,No matching deaths-per-million record in dataset,<b>Antarctica</b><br>ISO3: ATA<br>Status: Missing from deaths-per-million map<br>Reason: No matching deaths-per-million record in dataset
ATG,Antigua and Barb.,No matching deaths-per-million record in dataset,<b>Antigua and Barb.</b><br>ISO3: ATG<br>Status: Missing from deaths-per-million map<br>Reason: No matching deaths-per-million record in dataset
ARM,Armenia,No matching deaths-per-million record in dataset,<b>Armenia</b><br>ISO3: ARM<br>Status: Missing from deaths-per-million map<br>Reason: No matching deaths-per-million record in dataset
ABW,Aruba,No matching deaths-per-million record in dataset,<b>Aruba</b><br>ISO3: ABW<br>Status: Missing from deaths-per-million map<br>Reason: No matching deaths-per-million record in dataset
ATC,Ashmore and Cartier Is.,No matching deaths-per-million record in dataset,<b>Ashmore and Cartier Is.</b><br>ISO3: ATC<br>Status: Missing from deaths-per-million map<br>Reason: No matching deaths-per-million record in dataset
AZE,Azerbaijan,No matching deaths-per-million record in dataset,<b>Azerbaijan</b><br>ISO3: AZE<br>Status: Missing from deaths-per-million map<br>Reason: No matching deaths-per-million record in dataset
BHS,Bahamas,No matching deaths-per-million record in dataset,<b>Bahamas</b><br>ISO3: BHS<br>Status: Missing from deaths-per-million map<br>Reason: No matching deaths-per-million record in dataset
BHR,Bahrain,No matching deaths-per-million record in dataset,<b>Bahrain</b><br>ISO3: BHR<br>Status: Missing from deaths-per-million map<br>Reason: No matching deaths-per-million record in dataset
BRB,Barbados,No matching deaths-per-million record in dataset,<b>Barbados</b><br>ISO3: BRB<br>Status: Missing from deaths-per-million map<br>Reason: No matching deaths-per-million record in dataset
BLR,Belarus,No matching deaths-per-million record in dataset,<b>Belarus</b><br>ISO3: BLR<br>Status: Missing from deaths-per-million map<br>Reason: No matching deaths-per-million record in dataset
BLZ,Belize,No matching deaths-per-million record in dataset,<b>Belize</b><br>ISO3: BLZ<br>Status: Missing from deaths-per-million map<br>Reason: No matching deaths-per-million record in dataset
BMU,Bermuda,No matching deaths-per-million record in dataset,<b>Bermuda</b><br>ISO3: BMU<br>Status: Missing from deaths-per-million map<br>Reason: No matching deaths-per-million record in dataset
BTN,Bhutan,No matching deaths-per-million record in dataset,<b>Bhutan</b><br>ISO3: BTN<br>Status: Missing from deaths-per-million map<br>Reason: No matching deaths-per-million record in dataset
BOL,Bolivia,No matching deaths-per-million record in dataset,<b>Bolivia</b><br>ISO3: BOL<br>Status: Missing from deaths-per-million map<br>Reason: No matching deaths-per-million record in dataset
BWA,Botswana,No matching deaths-per-million record in dataset,<b>Botswana</b><br>ISO3: BWA<br>Status: Missing from deaths-per-million map<br>Reason: No matching deaths-per-million record in dataset
IOT,Br. Indian Ocean Ter.,No matching deaths-per-million record in dataset,<b>Br. Indian Ocean Ter.</b><br>ISO3: IOT<br>Status: Missing from deaths-per-million map<br>Reason: No matching deaths-per-million record in dataset
VGB,British Virgin Is.,No matching deaths-per-million record in dataset,<b>British Virgin Is.</b><br>ISO3: VGB<br>Status: Missing from deaths-per-million map<br>Reason: No matching deaths-per-million record in dataset
BRN,Brunei,No matching deaths-per-million record in dataset,<b>Brunei</b><br>ISO3: BRN<br>Status: Missing from deaths-per-million map<br>Reason: No matching deaths-per-million record in dataset
BDI,Burundi,No matching deaths-per-million record in dataset,<b>Burundi</b><br>ISO3: BDI<br>Status: Missing from deaths-per-million map<br>Reason: No matching deaths-per-million record in dataset
CPV,Cabo Verde,No matching deaths-per-million record in dataset,<b>Cabo Verde</b><br>ISO3: CPV<br>Status: Missing from deaths-per-million map<br>Reason: No matching deaths-per-million record in dataset
KHM,Cambodia,No matching deaths-per-million record in dataset,<b>Cambodia</b><br>ISO3: KHM<br>Status: Missing from deaths-per-million map<br>Reason: No matching deaths-per-million record in dataset
CMR,Cameroon,No matching deaths-per-million record in dataset,<b>Cameroon</b><br>ISO3: CMR<br>Status: Missing from deaths-per-million map<br>Reason: No matching deaths-per-million record in dataset
CYM,Cayman Is.,No matching deaths-per-million record in dataset,<b>Cayman Is.</b><br>ISO3: CYM<br>Status: Missing from deaths-per-million map<br>Reason: No matching deaths-per-million record in dataset
CAF,Central African Rep.,No matching deaths-per-million record in dataset,<b>Central African Rep.</b><br>ISO3: CAF<br>Status: Missing from deaths-per-million map<br>Reason: No matching deaths-per-million record in dataset
TCD,Chad,No matching deaths-per-million record in dataset,<b>Chad</b><br>ISO3: TCD<br>Status: Missing from deaths-per-million map<br>Reason: No matching deaths-per-million record in dataset
COM,Comoros,No matching deaths-per-million record in dataset,<b>Comoros</b><br>ISO3: COM<br>Status: Missing from deaths-per-million map<br>Reason: No matching deaths-per-million record in dataset
COG,Congo,No matching deaths-per-million record in dataset,<b>Congo</b><br>ISO3: COG<br>Status: Missing from deaths-per-million map<br>Reason: No matching deaths-per-million record in dataset
COK,Cook Is.,No matching deaths-per-million record in dataset,<b>Cook Is.</b><br>ISO3: COK<br>Status: Missing from deaths-per-million map<br>Reason: No matching deaths-per-million record in dataset
CUB,Cuba,No matching deaths-per-million record in dataset,<b>Cuba</b><br>ISO3: CUB<br>Status: Missing from deaths-per-million map<br>Reason: No matching deaths-per-million record in dataset
CUW,Curaçao,No matching deaths-per-million record in dataset,<b>Curaçao</b><br>ISO3: CUW<br>Status: Missing from deaths-per-million map<br>Reason: No matching deaths-per-million record in dataset
CYP,Cyprus,No matching deaths-per-million record in dataset,<b>Cyprus</b><br>ISO3: CYP<br>Status: Missing from deaths-per-million map<br>Reason: No matching deaths-per-million record in dataset
CZE,Czechia,No matching deaths-per-million record in dataset,<b>Czechia</b><br>ISO3: CZE<br>Status: Missing from deaths-per-million map<br>Reason: No matching deaths-per-million record in dataset
CIV,Côte d'Ivoire,No matching deaths-per-million record in dataset,<b>Côte d'Ivoire</b><br>ISO3: CIV<br>Status: Missing from deaths-per-million map<br>Reason: No matching deaths-per-million record in dataset
COD,Dem. Rep. Congo,No matching deaths-per-million record in dataset,<b>Dem. Rep. Congo</b><br>ISO3: COD<br>Status: Missing from deaths-per-million map<br>Reason: No matching deaths-per-million record in dataset
DMA,Dominica,No matching deaths-per-million record in dataset,<b>Dominica</b><br>ISO3: DMA<br>Status: Missing from deaths-per-million map<br>Reason: No matching deaths-per-million record in dataset
GNQ,Eq. Guinea,No matching deaths-per-million record in dataset,<b>Eq. Guinea</b><br>ISO3: GNQ<br>Status: Missing from deaths-per-million map<br>Reason: No matching deaths-per-million record in dataset
ERI,Eritrea,No matching deaths-per-million record in dataset,<b>Eritrea</b><br>ISO3: ERI<br>Status: Missing from deaths-per-million map<br>Reason: No matching deaths-per-million record in dataset
FRO,Faeroe Is.,No matching deaths-per-million record in dataset,<b>Faeroe Is.</b><br>ISO3: FRO<br>Status: Missing from deaths-per-million map<br>Reason: No matching deaths-per-million record in dataset
FLK,Falkland Is.,No matching deaths-per-million record in dataset,<b>Falkland Is.</b><br>ISO3: FLK<br>Status: Missing from deaths-per-million map<br>Reason: No matching deaths-per-million record in dataset
FIN,Finland,No matching deaths-per-million record in dataset,<b>Finland</b><br>ISO3: FIN<br>Status: Missing from deaths-per-million map<br>Reason: No matching deaths-per-million record in dataset
PYF,Fr. Polynesia,No matching deaths-per-million record in dataset,<b>Fr. Polynesia</b><br>ISO3: PYF<br>Status: Missing from deaths-per-million map<br>Reason: No matching deaths-per-million record in dataset
ATF,Fr. S. Antarctic Lands,No matching deaths-per-million record in dataset,<b>Fr. S. Antarctic Lands</b><br>ISO3: ATF<br>Status: Missing from deaths-per-million map<br>Reason: No matching deaths-per-million record in dataset
FRA,France,No matching deaths-per-million record in dataset,<b>France</b><br>ISO3: FRA<br>Status: Missing from deaths-per-million map<br>Reason: No matching deaths-per-million record in dataset
GAB,Gabon,No matching deaths-per-million record in dataset,<b>Gabon</b><br>ISO3: GAB<br>Status: Missing from deaths-per-million map<br>Reason: No matching deaths-per-million record in dataset
DEU,Germany,No matching deaths-per-million record in dataset,<b>Germany</b><br>ISO3: DEU<br>Status: Missing from deaths-per-million map<br>Reason: No matching deaths-per-million record in dataset
GRL,Greenland,No matching deaths-per-million record in dataset,<b>Greenland</b><br>ISO3: GRL<br>Status: Missing from deaths-per-million map<br>Reason: No matching deaths-per-million record in dataset
GRD,Grenada,No matching deaths-per-million record in dataset,<b>Grenada</b><br>ISO3: GRD<br>Status: Missing from deaths-per-million map<br>Reason: No matching deaths-per-million record in dataset
GUM,Guam,No matching deaths-per-million record in dataset,<b>Guam</b><br>ISO3: GUM<br>Status: Missing from deaths-per-million map<br>Reason: No matching deaths-per-million record in dataset
GTM,Guatemala,No matching deaths-per-million record in dataset,<b>Guatemala</b><br>ISO3: GTM<br>Status: Missing from deaths-per-million map<br>Reason: No matching deaths-per-million record in dataset
GGY,Guernsey,No matching deaths-per-million record in dataset,<b>Guernsey</b><br>ISO3: GGY<br>Status: Missing from deaths-per-million map<br>Reason: No matching deaths-per-million record in dataset
GIN,Guinea,No matching deaths-per-million record in dataset,<b>Guinea</b><br>ISO3: GIN<br>Status: Missing from deaths-per-million map<br>Reason: No matching deaths-per-million record in dataset
GNB,Guinea-Bissau,No matching deaths-per-million record in dataset,<b>Guinea-Bissau</b><br>ISO3: GNB<br>Status: Missing from deaths-per-million map<br>Reason: No matching deaths-per-million record in dataset
GUY,Guyana,No matching deaths-per-million record in dataset,<b>Guyana</b><br>ISO3: GUY<br>Status: Missing from deaths-per-million map<br>Reason: No matching deaths-per-million record in dataset
HMD,Heard I. and McDonald Is.,No matching deaths-per-million record in dataset,<b>Heard I. and McDonald Is.</b><br>ISO3: HMD<br>Status: Missing from deaths-per-million map<br>Reason: No matching deaths-per-million record in dataset
HND,Honduras,No matching deaths-per-million record in dataset,<b>Honduras</b><br>ISO3: HND<br>Status: Missing from deaths-per-million map<br>Reason: No matching deaths-per-million record in dataset
HKG,Hong Kong,No matching deaths-per-million record in dataset,<b>Hong Kong</b><br>ISO3: HKG<br>Status: Missing from deaths-per-million map<br>Reason: No matching deaths-per-million record in dataset
IOA,Indian Ocean Ter.,No matching deaths-per-million record in dataset,<b>Indian Ocean Ter.</b><br>ISO3: IOA<br>Status: Missing from deaths-per-million map<br>Reason: No matching deaths-per-million record in dataset
IRQ,Iraq,No matching deaths-per-million record in dataset,<b>Iraq</b><br>ISO3: IRQ<br>Status: Missing from deaths-per-million map<br>Reason: No matching deaths-per-million record in dataset
IMN,Isle of Man,No matching deaths-per-million record in dataset,<b>Isle of Man</b><br>ISO3: IMN<br>Status: Missing from deaths-per-million map<br>Reason: No matching deaths-per-million record in dataset
JAM,Jamaica,No matching deaths-per-million record in dataset,<b>Jamaica</b><br>ISO3: JAM<br>Status: Missing from deaths-per-million map<br>Reason: No matching deaths-per-million record in dataset
JPN,Japan,No matching deaths-per-million record in dataset,<b>Japan</b><br>ISO3: JPN<br>Status: Missing from deaths-per-million map<br>Reason: No matching deaths-per-million record in dataset
JEY,Jersey,No matching deaths-per-million record in dataset,<b>Jersey</b><br>ISO3: JEY<br>Status: Missing from deaths-per-million map<br>Reason: No matching deaths-per-million record in dataset
JOR,Jordan,No matching deaths-per-million record in dataset,<b>Jordan</b><br>ISO3: JOR<br>Status: Missing from deaths-per-million map<br>Reason: No matching deaths-per-million record in dataset
KIR,Kiribati,No matching deaths-per-million record in dataset,<b>Kiribati</b><br>ISO3: KIR<br>Status: Missing from deaths-per-million map<br>Reason: No matching deaths-per-million record in dataset
KOS,Kosovo,No matching deaths-per-million record in dataset,<b>Kosovo</b><br>ISO3: KOS<br>Status: Missing from deaths-per-million map<br>Reason: No matching deaths-per-million record in dataset
KWT,Kuwait,No matching deaths-per-million record in dataset,<b>Kuwait</b><br>ISO3: KWT<br>Status: Missing from deaths-per-million map<br>Reason: No matching deaths-per-million record in dataset
LBN,Lebanon,No matching deaths-per-million record in dataset,<b>Lebanon</b><br>ISO3: LBN<br>Status: Missing from deaths-per-million map<br>Reason: No matching deaths-per-million record in dataset
LSO,Lesotho,No matching deaths-per-million record in dataset,<b>Lesotho</b><br>ISO3: LSO<br>Status: Missing from deaths-per-million map<br>Reason: No matching deaths-per-million record in dataset
LBY,Libya,No matching deaths-per-million record in dataset,<b>Libya</b><br>ISO3: LBY<br>Status: Missing from deaths-per-million map<br>Reason: No matching deaths-per-million record in dataset
LIE,Liechtenstein,No matching deaths-per-million record in dataset,<b>Liechtenstein</b><br>ISO3: LIE<br>Status: Missing from deaths-per-million map<br>Reason: No matching deaths-per-million record in dataset
MAC,Macao,No matching deaths-per-million record in dataset,<b>Macao</b><br>ISO3: MAC<br>Status: Missing from deaths-per-million map<br>Reason: No matching deaths-per-million record in dataset
MDG,Madagascar,No matching deaths-per-million record in dataset,<b>Madagascar</b><br>ISO3: MDG<br>Status: Missing from deaths-per-million map<br>Reason: No matching deaths-per-million record in dataset
MDV,Maldives,No matching deaths-per-million record in dataset,<b>Maldives</b><br>ISO3: MDV<br>Status: Missing from deaths-per-million map<br>Reason: No matching deaths-per-million record in dataset
MLI,Mali,No matching deaths-per-million record in dataset,<b>Mali</b><br>ISO3: MLI<br>Status: Missing from deaths-per-million map<br>Reason: No matching deaths-per-million record in dataset
MHL,Marshall Is.,No matching deaths-per-million record in dataset,<b>Marshall Is.</b><br>ISO3: MHL<br>Status: Missing from deaths-per-million map<br>Reason: No matching deaths-per-million record in dataset
MRT,Mauritania,No matching deaths-per-million record in dataset,<b>Mauritania</b><br>ISO3: MRT<br>Status: Missing from deaths-per-million map<br>Reason: No matching deaths-per-million record in dataset
FSM,Micronesia,No matching deaths-per-million record in dataset,<b>Micronesia</b><br>ISO3: FSM<br>Status: Missing from deaths-per-million map<br>Reason: No matching deaths-per-million record in dataset
MCO,Monaco,No matching deaths-per-million record in dataset,<b>Monaco</b><br>ISO3: MCO<br>Status: Missing from deaths-per-million map<br>Reason: No matching deaths-per-million record in dataset
MNE,Montenegro,No matching deaths-per-million record in dataset,<b>Montenegro</b><br>ISO3: MNE<br>Status: Missing from deaths-per-million map<br>Reason: No matching deaths-per-million record in dataset
MSR,Montserrat,No matching deaths-per-million record in dataset,<b>Montserrat</b><br>ISO3: MSR<br>Status: Missing from deaths-per-million map<br>Reason: No matching deaths-per-million record in dataset
CYN,N. Cyprus,No matching deaths-per-million record in dataset,<b>N. Cyprus</b><br>ISO3: CYN<br>Status: Missing from deaths-per-million map<br>Reason: No matching deaths-per-million record in dataset
MNP,N. Mariana Is.,No matching deaths-per-million record in dataset,<b>N. Mariana Is.</b><br>ISO3: MNP<br>Status: Missing from deaths-per-million map<br>Reason: No matching deaths-per-million record in dataset
NAM,Namibia,No matching deaths-per-million record in dataset,<b>Namibia</b><br>ISO3: NAM<br>Status: Missing from deaths-per-million map<br>Reason: No matching deaths-per-million record in dataset
NRU,Nauru,No matching deaths-per-million record in dataset,<b>Nauru</b><br>ISO3: NRU<br>Status: Missing from deaths-per-million map<br>Reason: No matching deaths-per-million record in dataset
NLD,Netherlands,No matching deaths-per-million record in dataset,<b>Netherlands</b><br>ISO3: NLD<br>Status: Missing from deaths-per-million map<br>Reason: No matching deaths-per-million record in dataset
NCL,New Caledonia,No matching deaths-per-million record in dataset,<b>New Caledonia</b><br>ISO3: NCL<br>Status: Missing from deaths-per-million map<br>Reason: No matching deaths-per-million record in dataset
NZL,New Zealand,No matching deaths-per-million record in dataset,<b>New Zealand</b><br>ISO3: NZL<br>Status: Missing from deaths-per-million map<br>Reason: No matching deaths-per-million record in dataset
NIC,Nicaragua,No matching deaths-per-million record in dataset,<b>Nicaragua</b><br>ISO3: NIC<br>Status: Missing from deaths-per-million map<br>Reason: No matching deaths-per-million record in dataset
NGA,Nigeria,No matching deaths-per-million record in dataset,<b>Nigeria</b><br>ISO3: NGA<br>Status: Missing from deaths-per-million map<br>Reason: No matching deaths-per-million record in dataset
NIU,Niue,No matching deaths-per-million record in dataset,<b>Niue</b><br>ISO3: NIU<br>Status: Missing from deaths-per-million map<br>Reason: No matching deaths-per-million record in dataset
NFK,Norfolk Island,No matching deaths-per-million record in dataset,<b>Norfolk Island</b><br>ISO3: NFK<br>Status: Missing from deaths-per-million map<br>Reason: No matching deaths-per-million record in dataset
PRK,North Korea,No matching deaths-per-million record in dataset,<b>North Korea</b><br>ISO3: PRK<br>Status: Missing from deaths-per-million map<br>Reason: No matching deaths-per-million record in dataset
MKD,North Macedonia,No matching deaths-per-million record in dataset,<b>North Macedonia</b><br>ISO3: MKD<br>Status: Missing from deaths-per-million map<br>Reason: No matching deaths-per-million record in dataset
OMN,Oman,No matching deaths-per-million record in dataset,<b>Oman</b><br>ISO3: OMN<br>Status: Missing from deaths-per-million map<br>Reason: No matching deaths-per-million record in dataset
PLW,Palau,No matching deaths-per-million record in dataset,<b>Palau</b><br>ISO3: PLW<br>Status: Missing from deaths-per-million map<br>Reason: No matching deaths-per-million record in dataset
PSE,Palestine,No matching deaths-per-million record in dataset,<b>Palestine</b><br>ISO3: PSE<br>Status: Missing from deaths-per-million map<br>Reason: No matching deaths-per-million record in dataset
PNG,Papua New Guinea,No matching deaths-per-million record in dataset,<b>Papua New Guinea</b><br>ISO3: PNG<br>Status: Missing from deaths-per-million map<br>Reason: No matching deaths-per-million record in dataset
PER,Peru,No matching deaths-per-million record in dataset,<b>Peru</b><br>ISO3: PER<br>Status: Missing from deaths-per-million map<br>Reason: No matching deaths-per-million record in dataset
PHL,Philippines,No matching deaths-per-million record in dataset,<b>Philippines</b><br>ISO3: PHL<br>Status: Missing from deaths-per-million map<br>Reason: No matching deaths-per-million record in dataset
PCN,Pitcairn Is.,No matching deaths-per-million record in dataset,<b>Pitcairn Is.</b><br>ISO3: PCN<br>Status: Missing from deaths-per-million map<br>Reason: No matching deaths-per-million record in dataset
POL,Poland,No matching deaths-per-million record in dataset,<b>Poland</b><br>ISO3: POL<br>Status: Missing from deaths-per-million map<br>Reason: No matching deaths-per-million record in dataset
PRI,Puerto Rico,No matching deaths-per-million record in dataset,<b>Puerto Rico</b><br>ISO3: PRI<br>Status: Missing from deaths-per-million map<br>Reason: No matching deaths-per-million record in dataset
QAT,Qatar,No matching deaths-per-million record in dataset,<b>Qatar</b><br>ISO3: QAT<br>Status: Missing from deaths-per-million map<br>Reason: No matching deaths-per-million record in dataset
RWA,Rwanda,No matching deaths-per-million record in dataset,<b>Rwanda</b><br>ISO3: RWA<br>Status: Missing from deaths-per-million map<br>Reason: No matching deaths-per-million record in dataset
SGS,S. Geo. and the Is.,No matching deaths-per-million record in dataset,<b>S. Geo. and the Is.</b><br>ISO3: SGS<br>Status: Missing from deaths-per-million map<br>Reason: No matching deaths-per-million record in dataset
SSD,S. Sudan,No matching deaths-per-million record in dataset,<b>S. Sudan</b><br>ISO3: SSD<br>Status: Missing from deaths-per-million map<br>Reason: No matching deaths-per-million record in dataset
SHN,Saint Helena,No matching deaths-per-million record in dataset,<b>Saint Helena</b><br>ISO3: SHN<br>Status: Missing from deaths-per-million map<br>Reason: No matching deaths-per-million record in dataset
LCA,Saint Lucia,No matching deaths-per-million record in dataset,<b>Saint Lucia</b><br>ISO3: LCA<br>Status: Missing from deaths-per-million map<br>Reason: No matching deaths-per-million record in dataset
WSM,Samoa,No matching deaths-per-million record in dataset,<b>Samoa</b><br>ISO3: WSM<br>Status: Missing from deaths-per-million map<br>Reason: No matching deaths-per-million record in dataset
SMR,San Marino,No matching deaths-per-million record in dataset,<b>San Marino</b><br>ISO3: SMR<br>Status: Missing from deaths-per-million map<br>Reason: No matching deaths-per-million record in dataset
SAU,Saudi Arabia,No matching deaths-per-million record in dataset,<b>Saudi Arabia</b><br>ISO3: SAU<br>Status: Missing from deaths-per-million map<br>Reason: No matching deaths-per-million record in dataset
SEN,Senegal,No matching deaths-per-million record in dataset,<b>Senegal</b><br>ISO3: SEN<br>Status: Missing from deaths-per-million map<br>Reason: No matching deaths-per-million record in dataset
SRB,Serbia,No matching deaths-per-million record in dataset,<b>Serbia</b><br>ISO3: SRB<br>Status: Missing from deaths-per-million map<br>Reason: No matching deaths-per-million record in dataset
KAS,Siachen Glacier,No matching deaths-per-million record in dataset,<b>Siachen Glacier</b><br>ISO3: KAS<br>Status: Missing from deaths-per-million map<br>Reason: No matching deaths-per-million record in dataset
SLE,Sierra Leone,No matching deaths-per-million record in dataset,<b>Sierra Leone</b><br>ISO3: SLE<br>Status: Missing from deaths-per-million map<br>Reason: No matching deaths-per-million record in dataset
SGP,Singapore,No matching deaths-per-million record in dataset,<b>Singapore</b><br>ISO3: SGP<br>Status: Missing from deaths-per-million map<br>Reason: No matching deaths-per-million record in dataset
SXM,Sint Maarten,No matching deaths-per-million record in dataset,<b>Sint Maarten</b><br>ISO3: SXM<br>Status: Missing from deaths-per-million map<br>Reason: No matching deaths-per-million record in dataset
SVN,Slovenia,No matching deaths-per-million record in dataset,<b>Slovenia</b><br>ISO3: SVN<br>Status: Missing from deaths-per-million map<br>Reason: No matching deaths-per-million record in dataset
SLB,Solomon Is.,No matching deaths-per-million record in dataset,<b>Solomon Is.</b><br>ISO3: SLB<br>Status: Missing from deaths-per-million map<br>Reason: No matching deaths-per-million record in dataset
SOM,Somalia,No matching deaths-per-million record in dataset,<b>Somalia</b><br>ISO3: SOM<br>Status: Missing from deaths-per-million map<br>Reason: No matching deaths-per-million record in dataset
SOL,Somaliland,No matching deaths-per-million record in dataset,<b>Somaliland</b><br>ISO3: SOL<br>Status: Missing from deaths-per-million map<br>Reason: No matching deaths-per-million record in dataset
BLM,St-Barthélemy,No matching deaths-per-million record in dataset,<b>St-Barthélemy</b><br>ISO3: BLM<br>Status: Missing from deaths-per-million map<br>Reason: No matching deaths-per-million record in dataset
MAF,St-Martin,No matching deaths-per-million record in dataset,<b>St-Martin</b><br>ISO3: MAF<br>Status: Missing from deaths-per-million map<br>Reason: No matching deaths-per-million record in dataset
KNA,St. Kitts and Nevis,No matching deaths-per-million record in dataset,<b>St. Kitts and Nevis</b><br>ISO3: KNA<br>Status: Missing from deaths-per-million map<br>Reason: No matching deaths-per-million record in dataset
SPM,St. Pierre and Miquelon,No matching deaths-per-million record in dataset,<b>St. Pierre and Miquelon</b><br>ISO3: SPM<br>Status: Missing from deaths-per-million map<br>Reason: No matching deaths-per-million record in dataset
VCT,St. Vin. and Gren.,No matching deaths-per-million record in dataset,<b>St. Vin. and Gren.</b><br>ISO3: VCT<br>Status: Missing from deaths-per-million map<br>Reason: No matching deaths-per-million record in dataset
SDN,Sudan,No matching deaths-per-million record in dataset,<b>Sudan</b><br>ISO3: SDN<br>Status: Missing from deaths-per-million map<br>Reason: No matching deaths-per-million record in dataset
SUR,Suriname,No matching deaths-per-million record in dataset,<b>Suriname</b><br>ISO3: SUR<br>Status: Missing from deaths-per-million map<br>Reason: No matching deaths-per-million record in dataset
CHE,Switzerland,No matching deaths-per-million record in dataset,<b>Switzerland</b><br>ISO3: CHE<br>Status: Missing from deaths-per-million map<br>Reason: No matching deaths-per-million record in dataset
SYR,Syria,No matching deaths-per-million record in dataset,<b>Syria</b><br>ISO3: SYR<br>Status: Missing from deaths-per-million map<br>Reason: No matching deaths-per-million record in dataset
STP,São Tomé and Principe,No matching deaths-per-million record in dataset,<b>São Tomé and Principe</b><br>ISO3: STP<br>Status: Missing from deaths-per-million map<br>Reason: No matching deaths-per-million record in dataset
TWN,Taiwan,No matching deaths-per-million record in dataset,<b>Taiwan</b><br>ISO3: TWN<br>Status: Missing from deaths-per-million map<br>Reason: No matching deaths-per-million record in dataset
TJK,Tajikistan,No matching deaths-per-million record in dataset,<b>Tajikistan</b><br>ISO3: TJK<br>Status: Missing from deaths-per-million map<br>Reason: No matching deaths-per-million record in dataset
TON,Tonga,No matching deaths-per-million record in dataset,<b>Tonga</b><br>ISO3: TON<br>Status: Missing from deaths-per-million map<br>Reason: No matching deaths-per-million record in dataset
TTO,Trinidad and Tobago,No matching deaths-per-million record in dataset,<b>Trinidad and Tobago</b><br>ISO3: TTO<br>Status: Missing from deaths-per-million map<br>Reason: No matching deaths-per-million record in dataset
TKM,Turkmenistan,No matching deaths-per-million record in dataset,<b>Turkmenistan</b><br>ISO3: TKM<br>Status: Missing from deaths-per-million map<br>Reason: No matching deaths-per-million record in dataset
TCA,Turks and Caicos Is.,No matching deaths-per-million record in dataset,<b>Turks and Caicos Is.</b><br>ISO3: TCA<br>Status: Missing from deaths-per-million map<br>Reason: No matching deaths-per-million record in dataset
TUV,Tuvalu,No matching deaths-per-million record in dataset,<b>Tuvalu</b><br>ISO3: TUV<br>Status: Missing from deaths-per-million map<br>Reason: No matching deaths-per-million record in dataset
VIR,U.S. Virgin Is.,No matching deaths-per-million record in dataset,<b>U.S. Virgin Is.</b><br>ISO3: VIR<br>Status: Missing from deaths-per-million map<br>Reason: No matching deaths-per-million record in dataset
ARE,United Arab Emirates,No matching deaths-per-million record in dataset,<b>United Arab Emirates</b><br>ISO3: ARE<br>Status: Missing from deaths-per-million map<br>Reason: No matching deaths-per-million record in dataset
UZB,Uzbekistan,No matching deaths-per-million record in dataset,<b>Uzbekistan</b><br>ISO3: UZB<br>Status: Missing from deaths-per-million map<br>Reason: No matching deaths-per-million record in dataset
VUT,Vanuatu,No matching deaths-per-million record in dataset,<b>Vanuatu</b><br>ISO3: VUT<br>Status: Missing from deaths-per-million map<br>Reason: No matching deaths-per-million record in dataset
VAT,Vatican,No matching deaths-per-million record in dataset,<b>Vatican</b><br>ISO3: VAT<br>Status: Missing from deaths-per-million map<br>Reason: No matching deaths-per-million record in dataset
VEN,Venezuela,No matching deaths-per-million record in dataset,<b>Venezuela</b><br>ISO3: VEN<br>Status: Missing from deaths-per-million map<br>Reason: No matching deaths-per-million record in dataset
ESH,W. Sahara,No matching deaths-per-million record in dataset,<b>W. Sahara</b><br>ISO3: ESH<br>Status: Missing from deaths-per-million map<br>Reason: No matching deaths-per-million record in dataset
WLF,Wallis and Futuna Is.,No matching deaths-per-million record in dataset,<b>Wallis and Futuna Is.</b><br>ISO3: WLF<br>Status: Missing from deaths-per-million map<br>Reason: No matching deaths-per-million record in dataset
SWZ,eSwatini,No matching deaths-per-million record in dataset,<b>eSwatini</b><br>ISO3: SWZ<br>Status: Missing from deaths-per-million map<br>Reason: No matching deaths-per-million record in dataset
ALA,Åland,No matching deaths-per-million record in dataset,<b>Åland</b><br>ISO3: ALA<br>Status: Missing from deaths-per-million map<br>Reason: No matching deaths-per-million record in dataset
